{
  "project_info": {
    "project_number": "194932530421",
    "project_id": "chatapp2-8d50a",
    "storage_bucket": "chatapp2-8d50a.appspot.com"
  },
  "client": [
    {
      "client_info": {
        "mobilesdk_app_id": "1:194932530421:android:6442113e83cd59f5b2f9bc",
        "android_client_info": {
          "package_name": "com.example.chatapp2"
        }
      },
      "oauth_client": [
        {
          "client_id": "194932530421-iggsa4846e2i2genf3oradl216imlkrh.apps.googleusercontent.com",
          "client_type": 3
        }
      ],
      "api_key": [
        {
          "current_key": "AIzaSyB1mikX8muO3K6MYvn9JVLnM86T_YCnRJs"
        }
      ],
      "services": {
        "appinvite_service": {
          "other_platform_oauth_client": [
            {
              "client_id": "194932530421-iggsa4846e2i2genf3oradl216imlkrh.apps.googleusercontent.com",
              "client_type": 3
            }
          ]
        }
      }
    }
  ],
  "configuration_version": "1"
}